product_name,treatment_name,treatment_type,dosage,unit,equipments,medications,target_area,benefits
슈링크 유니버스 이중턱 리미티드 100샷,슈링크 유니버스,device,100.0,샷,슈링크 유니버스,,이중턱,
슈링크 유니버스 울트라 1000샷,슈링크 유니버스 울트라,device,1000.0,샷,슈링크 유니버스,,,
볼뉴머 100샷 + 슈링크 유니버스 울트라 100샷 + 슈링크 쫀쫀밴드 1매,볼뉴머,device,100.0,샷,볼뉴머,,,"리프팅, 탄력 개선"
볼뉴머 100샷 + 슈링크 유니버스 울트라 100샷 + 슈링크 쫀쫀밴드 1매,슈링크 유니버스 울트라,device,100.0,샷,슈링크 유니버스,,,
볼뉴머 100샷 + 슈링크 유니버스 울트라 100샷 + 슈링크 쫀쫀밴드 1매,슈링크 쫀쫀밴드,device,1.0,매,슈링크,,,
볼뉴머 100샷,볼뉴머,device,100.0,샷,볼뉴머,,,탄력 개선
아이 볼뉴머 100샷,아이 볼뉴머,device,100.0,샷,볼뉴머,,눈가,"리프팅, 탄력 개선"
슈링크 유니버스 울트라 300샷 + 슈링크 유니버스 부스터 300샷 + 오로라앰플 3cc,슈링크 유니버스 울트라,device,300.0,샷,슈링크 유니버스,,V라인,"리프팅, 탄력 개선"
슈링크 유니버스 울트라 300샷 + 슈링크 유니버스 부스터 300샷 + 오로라앰플 3cc,슈링크 유니버스 부스터,device,300.0,샷,슈링크 유니버스,,,
슈링크 유니버스 울트라 300샷 + 슈링크 유니버스 부스터 300샷 + 오로라앰플 3cc,오로라앰플,injection,3.0,cc,,오로라앰플,,
슈링크 유니버스 아이리프팅 200샷 + 아이 볼뉴머 100샷 + 필로드 아이 1cc + 국산 눈가 주름보톡스,슈링크 유니버스 아이리프팅,device,200.0,샷,슈링크 유니버스,,눈가,"리프팅, 탄력 개선"
슈링크 유니버스 아이리프팅 200샷 + 아이 볼뉴머 100샷 + 필로드 아이 1cc + 국산 눈가 주름보톡스,아이 볼뉴머,device,100.0,샷,볼뉴머,,눈가,
슈링크 유니버스 아이리프팅 200샷 + 아이 볼뉴머 100샷 + 필로드 아이 1cc + 국산 눈가 주름보톡스,필로드 아이,injection,1.0,cc,,필로드 아이,눈가,
슈링크 유니버스 아이리프팅 200샷 + 아이 볼뉴머 100샷 + 필로드 아이 1cc + 국산 눈가 주름보톡스,국산 눈가 주름보톡스,injection,,회,,국산 눈가 주름보톡스,눈가,주름 개선
티타늄 40KJ + 볼뉴머 300샷 + 얼굴 전체 필로드 4cc,티타늄 리프팅,device,40.0,KJ,티타늄,,얼굴 전체,"탄력, 콜라겐 재생, 피부재생"
티타늄 40KJ + 볼뉴머 300샷 + 얼굴 전체 필로드 4cc,볼뉴머,device,300.0,샷,볼뉴머,,얼굴 전체,
티타늄 40KJ + 볼뉴머 300샷 + 얼굴 전체 필로드 4cc,필로드,injection,4.0,cc,,필로드,얼굴 전체,
[울트라 티타늄] 울트라인 300샷 + 티타늄 리프팅 40KJ,울트라인,device,300.0,샷,울트라인,,,"피부 탄력, 리프팅"
[울트라 티타늄] 울트라인 300샷 + 티타늄 리프팅 40KJ,티타늄 리프팅,device,40.0,KJ,티타늄,,,콜라겐 재생
[앵콜/1차완판] 울트라인 100샷,울트라인,device,100.0,샷,울트라인,,,"지방세포 감소, 윤곽 개선, 탄력, 리프팅"
[눈가전용] 아이 울트라인 100샷 + 필로드 아이 1CC,아이 울트라인,device,100.0,샷,울트라인,,눈가,
[눈가전용] 아이 울트라인 100샷 + 필로드 아이 1CC,필로드 아이,injection,1.0,CC,,필로드 아이,눈가,
[바디전용] 울트라인 바디 100샷,울트라인 바디,device,100.0,샷,울트라인,,바디,
[복부전용] 울트라인 복부 1부위,울트라인 복부,device,1.0,부위,울트라인,,복부,
[울트라 바디 패키지] 바디온다 리프팅 60KJ + 울트라인 바디 300샷,바디온다 리프팅,device,60.0,KJ,바디온다,,바디,
[울트라 바디 패키지] 바디온다 리프팅 60KJ + 울트라인 바디 300샷,울트라인 바디,device,300.0,샷,울트라인,,바디,
[이중턱까지 풀페이스] 슈링크 유니버스 이중턱 리미티드 200샷 + 울트라인 300샷,슈링크 유니버스 이중턱 리미티드,device,200.0,샷,슈링크 유니버스,,"이중턱, 풀페이스",
[이중턱까지 풀페이스] 슈링크 유니버스 이중턱 리미티드 200샷 + 울트라인 300샷,울트라인,device,300.0,샷,울트라인,,풀페이스,
[추석 특가] 페이스 온다 리프팅 60KJ,페이스 온다 리프팅,device,60.0,KJ,페이스 온다,,페이스,
[추석 특가] 튠페이스 40kj,튠페이스,device,40.0,kj,튠페이스,,,"콜라겐 재생, 콜라겐 생성"
[여드름 Basic] 큐페이셜 풀케어 + 포텐자레이저(팁포함) + 제네시스 레이저 + 수입 독일산 얼굴전체 스킨보톡스,큐페이셜 풀케어,skincare,,회,큐페이셜,,얼굴 전체,
[여드름 Basic] 큐페이셜 풀케어 + 포텐자레이저(팁포함) + 제네시스 레이저 + 수입 독일산 얼굴전체 스킨보톡스,포텐자레이저,laser,,회,포텐자레이저,,얼굴 전체,
[여드름 Basic] 큐페이셜 풀케어 + 포텐자레이저(팁포함) + 제네시스 레이저 + 수입 독일산 얼굴전체 스킨보톡스,제네시스 레이저,laser,,회,제네시스 레이저,,얼굴 전체,
[여드름 Basic] 큐페이셜 풀케어 + 포텐자레이저(팁포함) + 제네시스 레이저 + 수입 독일산 얼굴전체 스킨보톡스,수입 독일산 얼굴전체 스킨보톡스,injection,,회,,수입 독일산 스킨보톡스,얼굴 전체,
[리프팅 Signature] 페이스 온다 리프팅 60KJ + 튠라이너 2부위,페이스 온다 리프팅,device,60.0,KJ,페이스 온다,,,
[리프팅 Signature] 페이스 온다 리프팅 60KJ + 튠라이너 2부위,튠라이너,device,2.0,부위,튠라이너,,,
[1회 한정가] 수입 독일산 주름보톡스 1부위,수입 독일산 주름보톡스,injection,1.0,부위,,수입 독일산 주름보톡스,,주름 개선
[1회 한정가] 쥬비덤 1cc,쥬비덤,injection,1.0,cc,,쥬비덤,얼굴,"볼륨 개선, 생기 개선"
[퀵리프팅] 민트실 6줄 + 수입 독일산 얼굴전체 스킨보톡스,민트실,surgical,6.0,줄,민트실,,,리프팅
[퀵리프팅] 민트실 6줄 + 수입 독일산 얼굴전체 스킨보톡스,수입 독일산 얼굴전체 스킨보톡스,injection,,회,,수입 독일산 스킨보톡스,얼굴 전체,
[빠르고 쉽게] 목주름 티타늄 20kj + 목주름 벨로테로 필러 1cc + 목주름 지우개주사,목주름 티타늄,device,20.0,kj,티타늄,,목주름,안티에이징
[빠르고 쉽게] 목주름 티타늄 20kj + 목주름 벨로테로 필러 1cc + 목주름 지우개주사,목주름 벨로테로 필러,injection,1.0,cc,,벨로테로 필러,목주름,목주름 개선
[빠르고 쉽게] 목주름 티타늄 20kj + 목주름 벨로테로 필러 1cc + 목주름 지우개주사,목주름 지우개주사,injection,,회,,목주름 지우개주사,목주름,목주름 개선
[투명 톤업] 트리플토닝 1회,트리플토닝,laser,1.0,회,트리플토닝,,,톤업
[화이트닝 패키지] 플라필 + 피코토닝 1회,플라필,skincare,,회,플라필,,,화이트닝
[화이트닝 패키지] 플라필 + 피코토닝 1회,피코토닝,laser,1.0,회,피코토닝,,,화이트닝
[모공쫀쫀템] 실펌레이저(팁 미포함) + 촉촉팩,실펌레이저,laser,,회,실펌레이저,,,"모공 개선, 쫀쫀함"
[모공쫀쫀템] 실펌레이저(팁 미포함) + 촉촉팩,촉촉팩,skincare,,회,,촉촉팩,,
[저자극 보습] 워터풀케어 + 촉촉팩,워터풀케어,skincare,,회,워터풀케어,,,보습
[저자극 보습] 워터풀케어 + 촉촉팩,촉촉팩,skincare,,회,,촉촉팩,,
[타임리턴] 고농도 줄기세포 유도 인자 180cc (정맥주사+스킨부스터) + 티타늄 리프팅 40kj,고농도 줄기세포 유도 인자,injection,180.0,cc,,줄기세포 유도 인자,,"항노화, 면역력 증가, 피부 문제 개선, 재생능력 강화"
[타임리턴] 고농도 줄기세포 유도 인자 180cc (정맥주사+스킨부스터) + 티타늄 리프팅 40kj,티타늄 리프팅,device,40.0,kj,티타늄,,,
[재생/탄력개선] 풀페이스 셀르디엠 1vial,셀르디엠,injection,1.0,vial,,셀르디엠,풀페이스,"재생, 탄력 개선, 주름 개선, 보습 개선"
[장벽강화] 리쥬란힐러 2cc,리쥬란힐러,injection,2.0,cc,,리쥬란힐러,,장벽 강화
[수분광채] 릴리이드 히알루론산 주사 5cc,릴리이드 히알루론산 주사,injection,5.0,cc,,릴리이드 히알루론산,,"수분, 광채"
[모공/피부결개선] 쥬베룩 스킨부스터 2cc,쥬베룩 스킨부스터,injection,2.0,cc,,쥬베룩,,"모공 개선, 피부결 개선"
[좁은부위까지 확실하게] SS주사 10cc,SS주사,injection,10.0,cc,,SS주사,,
[슬림톡스] 국산 바디보톡스 100U,국산 바디보톡스,injection,100.0,U,,국산 바디보톡스,바디,
[피부톤 회복] 착색토닝 1회 한정가,착색토닝,laser,1.0,회,착색토닝,,,피부톤 회복
[바이탈업] 바이탈샷 패키지,바이탈샷 패키지,injection,,회,,바이탈샷,,
[1회 체험가] 국산 주름보톡스 1부위,국산 주름보톡스,injection,1.0,부위,,국산 주름보톡스,,주름 개선
[1회 체험가] 인모드 FX 얼굴전체,인모드 FX,device,,회,인모드 FX,,얼굴 전체,
[1회 체험가] 국산 바디보톡스 100u,국산 바디보톡스,injection,100.0,u,,국산 바디보톡스,바디,
[1회 체험가] 바디온다 10kj,바디온다,device,10.0,kj,바디온다,,바디,
[1회 체험가] SS주사 10cc,SS주사,injection,10.0,cc,,SS주사,,
[1회 체험가] 피코토닝 1회,피코토닝,laser,1.0,회,피코토닝,,,색소 개선
[1회 체험가] 히알루론산주사 1CC,히알루론산주사,injection,1.0,CC,,히알루론산,,"수분 보충, 피부톤 개선, 탄력 개선"
[1회 체험가] 국산 눈밑 스킨보톡스,국산 눈밑 스킨보톡스,injection,,회,,국산 스킨보톡스,눈밑,
[1회 체험가] 점제거 1개 (2mm이하),점제거,surgical,1.0,개,,,,
[1회 체험가] 국산 입술 필러 패키지(입술+입꼬리),국산 입술 필러,injection,,패키지,,국산 입술 필러,입술,
[톤업 올인원]포텐자 기미모드(팁포함)+트리플토닝+플라필+연어주사2CC+큐페이셜 LDM모드 6분,포텐자 기미모드,laser,,회,포텐자,,,"톤업, 기미 개선"
[톤업 올인원]포텐자 기미모드(팁포함)+트리플토닝+플라필+연어주사2CC+큐페이셜 LDM모드 6분,트리플토닝,laser,,회,트리플토닝,,,톤업
[톤업 올인원]포텐자 기미모드(팁포함)+트리플토닝+플라필+연어주사2CC+큐페이셜 LDM모드 6분,플라필,skincare,,회,플라필,,,톤업
[톤업 올인원]포텐자 기미모드(팁포함)+트리플토닝+플라필+연어주사2CC+큐페이셜 LDM모드 6분,연어주사,injection,2.0,CC,,연어주사,,톤업
[톤업 올인원]포텐자 기미모드(팁포함)+트리플토닝+플라필+연어주사2CC+큐페이셜 LDM모드 6분,큐페이셜 LDM모드,skincare,6.0,분,큐페이셜,,,톤업
[울써마지 올인원 #1]울쎄라 프라임600샷 + 써마지600샷 + 수입 턱라인 스킨보톡스,울쎄라 프라임,device,600.0,샷,울쎄라,,,
[울써마지 올인원 #1]울쎄라 프라임600샷 + 써마지600샷 + 수입 턱라인 스킨보톡스,써마지,device,600.0,샷,써마지,,,
[울써마지 올인원 #1]울쎄라 프라임600샷 + 써마지600샷 + 수입 턱라인 스킨보톡스,수입 턱라인 스킨보톡스,injection,,회,,수입 스킨보톡스,턱라인,
[울써마지 올인원 #2]울쎄라 프라임600샷 + 써마지600샷 + 수입 턱라인 스킨보톡스 + 리쥬란2cc + 쥬베룩4cc(더마샤인 팁포함),울쎄라 프라임,device,600.0,샷,울쎄라,,,
[울써마지 올인원 #2]울쎄라 프라임600샷 + 써마지600샷 + 수입 턱라인 스킨보톡스 + 리쥬란2cc + 쥬베룩4cc(더마샤인 팁포함),써마지,device,600.0,샷,써마지,,,
[울써마지 올인원 #2]울쎄라 프라임600샷 + 써마지600샷 + 수입 턱라인 스킨보톡스 + 리쥬란2cc + 쥬베룩4cc(더마샤인 팁포함),수입 턱라인 스킨보톡스,injection,,회,,수입 스킨보톡스,턱라인,
[울써마지 올인원 #2]울쎄라 프라임600샷 + 써마지600샷 + 수입 턱라인 스킨보톡스 + 리쥬란2cc + 쥬베룩4cc(더마샤인 팁포함),리쥬란,injection,2.0,cc,,리쥬란,,
[울써마지 올인원 #2]울쎄라 프라임600샷 + 써마지600샷 + 수입 턱라인 스킨보톡스 + 리쥬란2cc + 쥬베룩4cc(더마샤인 팁포함),쥬베룩,injection,4.0,cc,,쥬베룩,,
[티타늄 올인원] 티타늄 얼굴전체 고강도 리프팅 + 인모드 얼굴전체 1가지모드(Fx or FORMA) + 수입 턱라인 스킨보톡스,티타늄 리프팅,device,,회,티타늄,,얼굴 전체,
[티타늄 올인원] 티타늄 얼굴전체 고강도 리프팅 + 인모드 얼굴전체 1가지모드(Fx or FORMA) + 수입 턱라인 스킨보톡스,인모드,device,,회,인모드,,얼굴 전체,
[티타늄 올인원] 티타늄 얼굴전체 고강도 리프팅 + 인모드 얼굴전체 1가지모드(Fx or FORMA) + 수입 턱라인 스킨보톡스,수입 턱라인 스킨보톡스,injection,,회,,수입 스킨보톡스,턱라인,
[울써티 올인원]울쎄라 프라임 300샷 + 써마지600샷 + 티타늄 얼굴전체 + 수입 턱라인 스킨보톡스 + 리쥬란2cc+쥬베룩2cc,울쎄라 프라임,device,300.0,샷,울쎄라,,,
[울써티 올인원]울쎄라 프라임 300샷 + 써마지600샷 + 티타늄 얼굴전체 + 수입 턱라인 스킨보톡스 + 리쥬란2cc+쥬베룩2cc,써마지,device,600.0,샷,써마지,,,
[울써티 올인원]울쎄라 프라임 300샷 + 써마지600샷 + 티타늄 얼굴전체 + 수입 턱라인 스킨보톡스 + 리쥬란2cc+쥬베룩2cc,티타늄,device,,회,티타늄,,얼굴 전체,
[울써티 올인원]울쎄라 프라임 300샷 + 써마지600샷 + 티타늄 얼굴전체 + 수입 턱라인 스킨보톡스 + 리쥬란2cc+쥬베룩2cc,수입 턱라인 스킨보톡스,injection,,회,,수입 스킨보톡스,턱라인,
[울써티 올인원]울쎄라 프라임 300샷 + 써마지600샷 + 티타늄 얼굴전체 + 수입 턱라인 스킨보톡스 + 리쥬란2cc+쥬베룩2cc,리쥬란,injection,2.0,cc,,리쥬란,,
[울써티 올인원]울쎄라 프라임 300샷 + 써마지600샷 + 티타늄 얼굴전체 + 수입 턱라인 스킨보톡스 + 리쥬란2cc+쥬베룩2cc,쥬베룩,injection,2.0,cc,,쥬베룩,,
[바디 올인원 베이직(1 부위)]바디 인모드 FX (10분) + 바디 울쎄라 프라임 300샷 + 수입 바디 보톡스 100U + 바디 조각주사(보톡스 성분 포함) 1부위 + SS주사 100cc (1부위),바디 인모드 FX,device,10.0,분,인모드 FX,,바디,
[바디 올인원 베이직(1 부위)]바디 인모드 FX (10분) + 바디 울쎄라 프라임 300샷 + 수입 바디 보톡스 100U + 바디 조각주사(보톡스 성분 포함) 1부위 + SS주사 100cc (1부위),바디 울쎄라 프라임,device,300.0,샷,울쎄라,,바디,
[바디 올인원 베이직(1 부위)]바디 인모드 FX (10분) + 바디 울쎄라 프라임 300샷 + 수입 바디 보톡스 100U + 바디 조각주사(보톡스 성분 포함) 1부위 + SS주사 100cc (1부위),수입 바디 보톡스,injection,100.0,U,,수입 바디 보톡스,바디,
[바디 올인원 베이직(1 부위)]바디 인모드 FX (10분) + 바디 울쎄라 프라임 300샷 + 수입 바디 보톡스 100U + 바디 조각주사(보톡스 성분 포함) 1부위 + SS주사 100cc (1부위),바디 조각주사,injection,1.0,부위,,바디 조각주사,바디,
[바디 올인원 베이직(1 부위)]바디 인모드 FX (10분) + 바디 울쎄라 프라임 300샷 + 수입 바디 보톡스 100U + 바디 조각주사(보톡스 성분 포함) 1부위 + SS주사 100cc (1부위),SS주사,injection,100.0,cc,,SS주사,바디,
[바디 올인원 프리미엄(2 부위)]바디 인모드 Fx (20분) + 바디 울쎄라 프라임 600샷 + 수입 바디 보톡스 200U + 바디 조각주사(보톡스 성분 포함) 2부위 + SS주사 200cc (2부위) + 슬림컷 300cc (2부위),바디 인모드 Fx,device,20.0,분,인모드 Fx,,바디,
[바디 올인원 프리미엄(2 부위)]바디 인모드 Fx (20분) + 바디 울쎄라 프라임 600샷 + 수입 바디 보톡스 200U + 바디 조각주사(보톡스 성분 포함) 2부위 + SS주사 200cc (2부위) + 슬림컷 300cc (2부위),바디 울쎄라 프라임,device,600.0,샷,울쎄라,,바디,
[바디 올인원 프리미엄(2 부위)]바디 인모드 Fx (20분) + 바디 울쎄라 프라임 600샷 + 수입 바디 보톡스 200U + 바디 조각주사(보톡스 성분 포함) 2부위 + SS주사 200cc (2부위) + 슬림컷 300cc (2부위),수입 바디 보톡스,injection,200.0,U,,수입 바디 보톡스,바디,
[바디 올인원 프리미엄(2 부위)]바디 인모드 Fx (20분) + 바디 울쎄라 프라임 600샷 + 수입 바디 보톡스 200U + 바디 조각주사(보톡스 성분 포함) 2부위 + SS주사 200cc (2부위) + 슬림컷 300cc (2부위),바디 조각주사,injection,2.0,부위,,바디 조각주사,바디,
[바디 올인원 프리미엄(2 부위)]바디 인모드 Fx (20분) + 바디 울쎄라 프라임 600샷 + 수입 바디 보톡스 200U + 바디 조각주사(보톡스 성분 포함) 2부위 + SS주사 200cc (2부위) + 슬림컷 300cc (2부위),SS주사,injection,200.0,cc,,SS주사,바디,
[바디 올인원 프리미엄(2 부위)]바디 인모드 Fx (20분) + 바디 울쎄라 프라임 600샷 + 수입 바디 보톡스 200U + 바디 조각주사(보톡스 성분 포함) 2부위 + SS주사 200cc (2부위) + 슬림컷 300cc (2부위),슬림컷,injection,300.0,cc,,슬림컷,바디,
국산 턱보톡스 50u,국산 턱보톡스,injection,50.0,u,,국산 턱보톡스,턱,페이스 라인 개선
국산 주름보톡스 1부위,국산 주름보톡스,injection,1.0,부위,,국산 주름보톡스,,주름 개선
국산 입꼬리보톡스,국산 입꼬리보톡스,injection,,회,,국산 입꼬리보톡스,입꼬리,입매 라인 개선
국산 인중축소 보톡스,국산 인중축소 보톡스,injection,,회,,국산 인중축소 보톡스,인중,중안부 축소
국산 스킨보톡스 1부위 (턱라인/나비존/이마),국산 스킨보톡스,injection,1.0,부위,,국산 스킨보톡스,,턱라인 탄력 개선
국산 얼굴 전체 스킨보톡스,국산 얼굴 전체 스킨보톡스,injection,,회,,국산 스킨보톡스,얼굴 전체,"주름 개선, 탄력 개선"
국산 침샘보톡스 (턱밑샘/귀밑샘),국산 침샘보톡스,injection,,회,,국산 침샘보톡스,,
국산 특수부위 보톡스 턱관절/잇몸노출/측두근,국산 특수부위 보톡스,injection,,회,,국산 특수부위 보톡스,,
국산 프리미엄 턱보톡스 50U,국산 프리미엄 턱보톡스,injection,50.0,U,,국산 프리미엄 턱보톡스,턱,턱 라인 개선
국산 프리미엄 주름보톡스 1부위,국산 프리미엄 주름보톡스,injection,1.0,부위,,국산 프리미엄 주름보톡스,,잔주름 개선
국산 프리미엄 입꼬리 보톡스,국산 프리미엄 입꼬리 보톡스,injection,,회,,국산 프리미엄 입꼬리 보톡스,입꼬리,입매 라인 개선
국산 프리미엄 인중축소 보톡스,국산 프리미엄 인중축소 보톡스,injection,,회,,국산 프리미엄 인중축소 보톡스,인중,중안부 축소
국산 프리미엄 스킨보톡스 1부위,국산 프리미엄 스킨보톡스,injection,1.0,부위,,국산 프리미엄 스킨보톡스,,"피부 타이트닝, 주름 개선, 모공 축소"
국산 프리미엄 얼굴 전체 스킨보톡스,국산 프리미엄 얼굴 전체 스킨보톡스,injection,,회,,국산 프리미엄 스킨보톡스,얼굴 전체,"피부 타이트닝, 주름 개선, 모공 축소"
국산 프리미엄 침샘보톡스,국산 프리미엄 침샘보톡스,injection,,회,,국산 프리미엄 침샘보톡스,,침샘 크기 축소
국산 프리미엄 특수부위보톡스,국산 프리미엄 특수부위보톡스,injection,,회,,국산 프리미엄 특수부위보톡스,,근육 크기 축소
국산 프리미엄 보톡스(영국산 균주 사용) 턱보톡스 50u,국산 프리미엄 보톡스(영국산 균주 사용) 턱보톡스,injection,50.0,u,,국산 프리미엄 보톡스(영국산 균주 사용),턱,"턱근육 축소, 턱 라인 개선"
국산 프리미엄 보톡스(영국산 균주 사용) 주름보톡스 1부위,국산 프리미엄 보톡스(영국산 균주 사용) 주름보톡스,injection,1.0,부위,,국산 프리미엄 보톡스(영국산 균주 사용),,잔주름 개선
국산 프리미엄 보톡스(영국산 균주 사용) 입꼬리보톡스,국산 프리미엄 보톡스(영국산 균주 사용) 입꼬리보톡스,injection,,회,,국산 프리미엄 보톡스(영국산 균주 사용),입꼬리,자연스러운 입매 라인 개선
국산 프리미엄 보톡스(영국산 균주 사용) 인중축소 보톡스,국산 프리미엄 보톡스(영국산 균주 사용) 인중축소 보톡스,injection,,회,,국산 프리미엄 보톡스(영국산 균주 사용),인중,길어진 인중 길이 교정
국산 프리미엄 보톡스(영국산 균주 사용) 스킨보톡스 1부위,국산 프리미엄 보톡스(영국산 균주 사용) 스킨보톡스,injection,1.0,부위,,국산 프리미엄 보톡스(영국산 균주 사용),,"피부 타이트닝, 모공 축소"
국산 프리미엄 보톡스(영국산 균주 사용) 얼굴전체 스킨보톡스,국산 프리미엄 보톡스(영국산 균주 사용) 얼굴전체 스킨보톡스,injection,,회,,국산 프리미엄 보톡스(영국산 균주 사용),얼굴 전체,"피부 타이트닝, 모공 축소"
국산 프리미엄 보톡스(영국산 균주 사용) 침샘 보톡스,국산 프리미엄 보톡스(영국산 균주 사용) 침샘 보톡스,injection,,회,,국산 프리미엄 보톡스(영국산 균주 사용),,
국산 프리미엄 보톡스(영국산 균주 사용) 특수부위 보톡스,국산 프리미엄 보톡스(영국산 균주 사용) 특수부위 보톡스,injection,,회,,국산 프리미엄 보톡스(영국산 균주 사용),,
수입 독일산 턱보톡스 50u,수입 독일산 턱보톡스,injection,50.0,u,,수입 독일산 턱보톡스,턱,
수입 독일산 주름보톡스 1부위,수입 독일산 주름보톡스,injection,1.0,부위,,수입 독일산 주름보톡스,,잔주름 개선
수입 독일산 입꼬리 보톡스,수입 독일산 입꼬리 보톡스,injection,,회,,수입 독일산 입꼬리 보톡스,입꼬리,입매 라인 개선
수입 독일산 인중축소 보톡스,수입 독일산 인중축소 보톡스,injection,,회,,수입 독일산 인중축소 보톡스,인중,중안부 축소
수입 독일산 스킨보톡스 1부위 (턱라인/나비존/이마),수입 독일산 스킨보톡스,injection,1.0,부위,,수입 독일산 스킨보톡스,,턱라인 탄력 개선
수입 독일산 얼굴전체 스킨보톡스,수입 독일산 얼굴전체 스킨보톡스,injection,,회,,수입 독일산 스킨보톡스,얼굴 전체,"주름 개선, 탄력 개선"
수입 독일산 침샘보톡스 (턱밑샘/귀밑샘),수입 독일산 침샘보톡스,injection,,회,,수입 독일산 침샘보톡스,,
수입 독일산 특수부위 보톡스 턱관절/잇몸노출/측두근,수입 독일산 특수부위 보톡스,injection,,회,,수입 독일산 특수부위 보톡스,,
수입 미국산 턱보톡스 50u,수입 미국산 턱보톡스,injection,50.0,u,,수입 미국산 턱보톡스,턱,
수입 미국산 주름보톡스 1부위,수입 미국산 주름보톡스,injection,1.0,부위,,수입 미국산 주름보톡스,,주름 개선
수입 미국산 입꼬리 보톡스,수입 미국산 입꼬리 보톡스,injection,,회,,수입 미국산 입꼬리 보톡스,입꼬리,
수입 미국산 인중축소 보톡스,수입 미국산 인중축소 보톡스,injection,,회,,수입 미국산 인중축소 보톡스,인중,중안부 축소
수입 미국산 스킨보톡스 1부위 (턱라인/나비존/이마),수입 미국산 스킨보톡스,injection,1.0,부위,,수입 미국산 스킨보톡스,,
수입 미국산 얼굴전체 스킨보톡스,수입 미국산 얼굴전체 스킨보톡스,injection,,회,,수입 미국산 스킨보톡스,얼굴 전체,
수입 미국산 침샘보톡스 (턱밑샘/귀밑샘),수입 미국산 침샘보톡스,injection,,회,,수입 미국산 침샘보톡스,,
수입 미국산 특수부위 보톡스 턱관절/잇몸노출/측두근,수입 미국산 특수부위 보톡스,injection,,회,,수입 미국산 특수부위 보톡스,,
이중턱 지방파괴주사 (벨라콜린),이중턱 지방파괴주사,injection,,회,,벨라콜린,이중턱,지방 파괴
윤곽주사 3cc,윤곽주사,injection,3.0,cc,,윤곽주사,,
아큐주사 3cc,아큐주사,injection,3.0,cc,,아큐주사,얼굴,"지방 분해, 노폐물 배출, 피부 탄력 개선"
PS주사 3cc,PS주사,injection,3.0,cc,,PS주사,,
코조각주사 1회,코조각주사,injection,1.0,회,,코조각주사,코,
광대주사 1회,광대주사,injection,1.0,회,,광대주사,광대,"지방 축소, 근육 축소"
[신규런칭] 이마 거상 실리프팅 8줄,이마 거상 실리프팅,surgical,8.0,줄,,실리프팅,이마,거상
[신규 런칭] 슈링크 유니버스 이중턱 리미티드 100샷,슈링크 유니버스,device,100.0,샷,슈링크 유니버스,,이중턱,
[1회 한정가] 슈링크 유니버스 울트라 1000샷 *분할사용가능,슈링크 유니버스 울트라,device,1000.0,샷,슈링크 유니버스,,,
[1회 한정가]볼뉴머 100샷 + 슈링크 유니버스 울트라 100샷 + 슈링크 쫀쫀밴드 1매,볼뉴머,device,100.0,샷,볼뉴머,,,탄력 개선
[1회 한정가]볼뉴머 100샷 + 슈링크 유니버스 울트라 100샷 + 슈링크 쫀쫀밴드 1매,슈링크 유니버스 울트라,device,100.0,샷,슈링크 유니버스,,,리프팅
[1회 한정가]볼뉴머 100샷 + 슈링크 유니버스 울트라 100샷 + 슈링크 쫀쫀밴드 1매,슈링크 쫀쫀밴드,device,1.0,매,슈링크,,,
[고주파로 탄력up] 볼뉴머 100샷,볼뉴머,device,100.0,샷,볼뉴머,,,탄력 개선
[V라인 탄력 동안 패키지]슈링크 유니버스 울트라 300샷 + 슈링크 유니버스 부스터 300샷 + 오로라앰플 3cc,슈링크 유니버스 울트라,device,300.0,샷,슈링크 유니버스,,V라인,"리프팅, 탄력 개선"
[V라인 탄력 동안 패키지]슈링크 유니버스 울트라 300샷 + 슈링크 유니버스 부스터 300샷 + 오로라앰플 3cc,슈링크 유니버스 부스터,device,300.0,샷,슈링크 유니버스,,,
[V라인 탄력 동안 패키지]슈링크 유니버스 울트라 300샷 + 슈링크 유니버스 부스터 300샷 + 오로라앰플 3cc,오로라앰플,injection,3.0,cc,,오로라앰플,,
[눈가 탄력 동안 패키지]슈링크 유니버스 아이리프팅 200샷 + 아이 볼뉴머 100샷 + 필로드 아이 1cc + 국산 눈가 주름보톡스,슈링크 유니버스 아이리프팅,device,200.0,샷,슈링크 유니버스,,눈가,"리프팅, 탄력 개선"
[눈가 탄력 동안 패키지]슈링크 유니버스 아이리프팅 200샷 + 아이 볼뉴머 100샷 + 필로드 아이 1cc + 국산 눈가 주름보톡스,아이 볼뉴머,device,100.0,샷,볼뉴머,,눈가,
[눈가 탄력 동안 패키지]슈링크 유니버스 아이리프팅 200샷 + 아이 볼뉴머 100샷 + 필로드 아이 1cc + 국산 눈가 주름보톡스,필로드 아이,injection,1.0,cc,,필로드,눈가,
[눈가 탄력 동안 패키지]슈링크 유니버스 아이리프팅 200샷 + 아이 볼뉴머 100샷 + 필로드 아이 1cc + 국산 눈가 주름보톡스,국산 눈가 주름보톡스,injection,,,,국산 보톡스,눈가 주름,주름 개선
[프리미엄 탄력/콜라겐/피부재생 프리미엄 3종 패키지]티타늄 40KJ + 볼뉴머 300샷 + 얼굴 전체 필로드 4cc,티타늄 리프팅,device,40.0,KJ,티타늄,,얼굴 전체,"탄력, 콜라겐 재생, 피부 재생"
[프리미엄 탄력/콜라겐/피부재생 프리미엄 3종 패키지]티타늄 40KJ + 볼뉴머 300샷 + 얼굴 전체 필로드 4cc,볼뉴머,device,300.0,샷,볼뉴머,,얼굴 전체,
[프리미엄 탄력/콜라겐/피부재생 프리미엄 3종 패키지]티타늄 40KJ + 볼뉴머 300샷 + 얼굴 전체 필로드 4cc,필로드,injection,4.0,cc,,필로드,얼굴 전체,
[바디전용] 울트라인 바디 100샷 *원하는 부위만 정밀하게 시술,울트라인 바디,device,100.0,샷,울트라인,,바디,
[복부전용] 울트라인 복부 1부위 *상복부/하복부/옆구리 中 택 1,울트라인 복부,device,1.0,부위,울트라인,,복부,
[1회 한정가] 수입 독일산 주름보톡스 1부위 *입꼬리 포함,수입 독일산 주름보톡스,injection,,,,독일산 보톡스,주름,주름 개선
[모공/피부결개선] 쥬베룩 스킨부스터 2cc (부분/눈밑제외),쥬베룩 스킨부스터,injection,2.0,cc,,쥬베룩,,"모공 개선, 피부결 개선"
[슬림톡스] 국산 바디보톡스 100U *부위 : 승모근/민소매/종아리/앞허벅지,국산 바디보톡스,injection,100.0,U,,국산 보톡스,바디,슬림
[피부톤 회복] 착색토닝 1회 한정가 *부위: 겨드랑이/팔꿈치/복숭아뼈/무릎 中 택 1,착색토닝,laser,1.0,회,토닝,,,피부톤 회복
[1회 체험가] 국산 주름보톡스 1부위 *입꼬리 제외,국산 주름보톡스,injection,,,,국산 보톡스,주름,주름 개선
[1회 체험가] 국산 바디보톡스 100u *종아리/승모근 中 택 1,국산 바디보톡스,injection,100.0,u,,국산 보톡스,바디,
[1회 체험가] 피코토닝 1회 (팩 미포함),피코토닝,laser,1.0,회,피코토닝,,,색소 개선
[1회 체험가] 점제거 1개 (2mm이하) *최대 10개까지 가능,점제거,surgical,1.0,개,,,점,
울트라인 300샷 + 티타늄 리프팅 40KJ,울트라인,device,300.0,샷,울트라인,,,"피부 탄력, 리프팅"
울트라인 300샷 + 티타늄 리프팅 40KJ,티타늄 리프팅,device,40.0,KJ,티타늄,,,
울트라인 100샷,울트라인,device,100.0,샷,울트라인,,,"지방세포 감소, 윤곽 개선, 탄력, 리프팅"
아이 울트라인 100샷 + 필로드 아이 1CC,아이 울트라인,device,100.0,샷,울트라인,,눈가,
아이 울트라인 100샷 + 필로드 아이 1CC,필로드 아이,injection,1.0,CC,,필로드,눈가,
울트라인 바디 100샷,울트라인 바디,device,100.0,샷,울트라인,,바디,
울트라인 복부 1부위,울트라인 복부,device,1.0,부위,울트라인,,복부,
바디온다 리프팅 60KJ + 울트라인 바디 300샷,바디온다 리프팅,device,60.0,KJ,바디온다,,바디,
바디온다 리프팅 60KJ + 울트라인 바디 300샷,울트라인 바디,device,300.0,샷,울트라인,,바디,
슈링크 유니버스 이중턱 리미티드 200샷 + 울트라인 300샷,슈링크 유니버스 이중턱 리미티드,device,200.0,샷,슈링크 유니버스,,"이중턱, 풀페이스",
슈링크 유니버스 이중턱 리미티드 200샷 + 울트라인 300샷,울트라인,device,300.0,샷,울트라인,,,
페이스 온다 리프팅 60KJ,페이스 온다 리프팅,device,60.0,KJ,페이스 온다,,페이스,
튠페이스 40kj,튠페이스,device,40.0,kj,튠페이스,,,"콜라겐 재생, 콜라겐 생성"
큐페이셜 풀케어 + 포텐자레이저(팁포함) + 제네시스 레이저 + 수입 독일산 얼굴전체 스킨보톡스,큐페이셜 풀케어,skincare,,,큐페이셜,,,
큐페이셜 풀케어 + 포텐자레이저(팁포함) + 제네시스 레이저 + 수입 독일산 얼굴전체 스킨보톡스,포텐자레이저,laser,,,포텐자,,,
큐페이셜 풀케어 + 포텐자레이저(팁포함) + 제네시스 레이저 + 수입 독일산 얼굴전체 스킨보톡스,제네시스 레이저,laser,,,제네시스,,,
큐페이셜 풀케어 + 포텐자레이저(팁포함) + 제네시스 레이저 + 수입 독일산 얼굴전체 스킨보톡스,수입 독일산 얼굴전체 스킨보톡스,injection,,,,수입 독일산 보톡스,얼굴 전체,
페이스 온다 리프팅 60KJ + 튠라이너 2부위,페이스 온다 리프팅,device,60.0,KJ,페이스 온다,,,
페이스 온다 리프팅 60KJ + 튠라이너 2부위,튠라이너,device,2.0,부위,튠라이너,,,
쥬비덤 1cc,쥬비덤,injection,1.0,cc,,쥬비덤,,"볼륨, 생기"
민트실 6줄 + 수입 독일산 얼굴전체 스킨보톡스,민트실,surgical,6.0,줄,민트실,,,리프팅
민트실 6줄 + 수입 독일산 얼굴전체 스킨보톡스,수입 독일산 얼굴전체 스킨보톡스,injection,,,,수입 독일산 보톡스,얼굴 전체,
목주름 티타늄 20kj + 목주름 벨로테로 필러 1cc + 목주름 지우개주사,목주름 티타늄,device,20.0,kj,티타늄,,목주름,안티에이징
목주름 티타늄 20kj + 목주름 벨로테로 필러 1cc + 목주름 지우개주사,목주름 벨로테로 필러,injection,1.0,cc,,벨로테로,목주름,
목주름 티타늄 20kj + 목주름 벨로테로 필러 1cc + 목주름 지우개주사,목주름 지우개주사,injection,,,,,목주름,
트리플토닝 1회,트리플토닝,laser,1.0,회,,,,톤업
플라필 + 피코토닝 1회,플라필,skincare,,,,플라필,,
플라필 + 피코토닝 1회,피코토닝,laser,1.0,회,피코토닝,,,
실펌레이저(팁 미포함) + 촉촉팩,실펌레이저,laser,,,실펌레이저,,,모공 개선
실펌레이저(팁 미포함) + 촉촉팩,촉촉팩,skincare,,,,,,
워터풀케어 + 촉촉팩,워터풀케어,skincare,,,,,,보습
워터풀케어 + 촉촉팩,촉촉팩,skincare,,,,,,
고농도 줄기세포 유도 인자 180cc (정맥주사+스킨부스터) + 티타늄 리프팅 40kj,고농도 줄기세포 유도 인자,injection,180.0,cc,,줄기세포 유도 인자,,"항노화, 면역력 증가, 피부 재생"
고농도 줄기세포 유도 인자 180cc (정맥주사+스킨부스터) + 티타늄 리프팅 40kj,티타늄 리프팅,device,40.0,kj,티타늄,,,
풀페이스 셀르디엠 1vial,셀르디엠,injection,1.0,vial,,셀르디엠,풀페이스,"재생, 탄력 개선, 주름 개선, 보습 개선"
리쥬란힐러 2cc,리쥬란힐러,injection,2.0,cc,,리쥬란힐러,,장벽 강화
릴리이드 히알루론산 주사 5cc,릴리이드 히알루론산 주사,injection,5.0,cc,,"릴리이드, 히알루론산",,"수분, 광채"
쥬베룩 스킨부스터 2cc (부분/눈밑제외),쥬베룩 스킨부스터,injection,2.0,cc,,쥬베룩,,"모공 개선, 피부결 개선"
SS주사 10cc,SS주사,injection,10.0,cc,,,,
국산 바디보톡스 100U,국산 바디보톡스,injection,100.0,U,,국산 보톡스,바디,슬림
착색토닝 1회 한정가,착색토닝,laser,1.0,회,,,,피부톤 회복
바이탈샷 패키지,바이탈샷 패키지,injection,,,,,,
인모드 FX 얼굴전체,인모드 FX,device,,,인모드,,얼굴 전체,
국산 바디보톡스 100u,국산 바디보톡스,injection,100.0,u,,국산 보톡스,바디,
바디온다 10kj,바디온다,device,10.0,kj,바디온다,,바디,
SS주사 10cc,SS주사,injection,10.0,cc,,,,
피코토닝 1회,피코토닝,laser,1.0,회,피코토닝,,,색소 개선
히알루론산주사 1CC,히알루론산주사,injection,1.0,CC,,히알루론산,,"수분 보충, 피부톤 개선, 탄력 개선"
국산 눈밑 스킨보톡스,국산 눈밑 스킨보톡스,injection,,,,국산 보톡스,눈밑,
점제거 1개 (2mm이하),점제거,surgical,1.0,개,,,,
국산 입술 필러 패키지(입술+입꼬리),국산 입술 필러,injection,,,,국산 필러,입술,입술라인 개선
톤업 올인원,포텐자 기미모드,laser,,,포텐자,,,
톤업 올인원,트리플토닝,laser,,,,,,
톤업 올인원,플라필,skincare,,,,플라필,,
톤업 올인원,연어주사,injection,2.0,CC,,,,
톤업 올인원,큐페이셜 LDM모드,skincare,6.0,분,큐페이셜,,,
울쎄라 프라임600샷 + 써마지600샷 + 수입 턱라인 스킨보톡스,울쎄라 프라임,device,600.0,샷,울쎄라,,,
울쎄라 프라임600샷 + 써마지600샷 + 수입 턱라인 스킨보톡스,써마지,device,600.0,샷,써마지,,,
울쎄라 프라임600샷 + 써마지600샷 + 수입 턱라인 스킨보톡스,수입 턱라인 스킨보톡스,injection,,,,수입 보톡스,턱라인,
울쎄라 프라임600샷 + 써마지600샷 + 수입 턱라인 스킨보톡스 + 리쥬란2cc + 쥬베룩4cc(더마샤인 팁포함),울쎄라 프라임,device,600.0,샷,울쎄라,,,
울쎄라 프라임600샷 + 써마지600샷 + 수입 턱라인 스킨보톡스 + 리쥬란2cc + 쥬베룩4cc(더마샤인 팁포함),써마지,device,600.0,샷,써마지,,,
울쎄라 프라임600샷 + 써마지600샷 + 수입 턱라인 스킨보톡스 + 리쥬란2cc + 쥬베룩4cc(더마샤인 팁포함),수입 턱라인 스킨보톡스,injection,,,,수입 보톡스,턱라인,
울쎄라 프라임600샷 + 써마지600샷 + 수입 턱라인 스킨보톡스 + 리쥬란2cc + 쥬베룩4cc(더마샤인 팁포함),리쥬란,injection,2.0,cc,,리쥬란,,
울쎄라 프라임600샷 + 써마지600샷 + 수입 턱라인 스킨보톡스 + 리쥬란2cc + 쥬베룩4cc(더마샤인 팁포함),쥬베룩,injection,4.0,cc,,쥬베룩,,
티타늄 얼굴전체 고강도 리프팅 + 인모드 얼굴전체 1가지모드(Fx or FORMA) + 수입 턱라인 스킨보톡스,티타늄 얼굴전체 고강도 리프팅,device,,,티타늄,,얼굴 전체,리프팅
티타늄 얼굴전체 고강도 리프팅 + 인모드 얼굴전체 1가지모드(Fx or FORMA) + 수입 턱라인 스킨보톡스,인모드 얼굴전체 1가지모드,device,,,인모드,,얼굴 전체,
티타늄 얼굴전체 고강도 리프팅 + 인모드 얼굴전체 1가지모드(Fx or FORMA) + 수입 턱라인 스킨보톡스,수입 턱라인 스킨보톡스,injection,,,,수입 보톡스,턱라인,
울쎄라 프라임 300샷 + 써마지600샷 + 티타늄 얼굴전체 + 수입 턱라인 스킨보톡스 + 리쥬란2cc+쥬베룩2cc,울쎄라 프라임,device,300.0,샷,울쎄라,,,
울쎄라 프라임 300샷 + 써마지600샷 + 티타늄 얼굴전체 + 수입 턱라인 스킨보톡스 + 리쥬란2cc+쥬베룩2cc,써마지,device,600.0,샷,써마지,,,
울쎄라 프라임 300샷 + 써마지600샷 + 티타늄 얼굴전체 + 수입 턱라인 스킨보톡스 + 리쥬란2cc+쥬베룩2cc,티타늄 얼굴전체,device,,,티타늄,,얼굴 전체,
울쎄라 프라임 300샷 + 써마지600샷 + 티타늄 얼굴전체 + 수입 턱라인 스킨보톡스 + 리쥬란2cc+쥬베룩2cc,수입 턱라인 스킨보톡스,injection,,,,수입 보톡스,턱라인,
울쎄라 프라임 300샷 + 써마지600샷 + 티타늄 얼굴전체 + 수입 턱라인 스킨보톡스 + 리쥬란2cc+쥬베룩2cc,리쥬란,injection,2.0,cc,,리쥬란,,
울쎄라 프라임 300샷 + 써마지600샷 + 티타늄 얼굴전체 + 수입 턱라인 스킨보톡스 + 리쥬란2cc+쥬베룩2cc,쥬베룩,injection,2.0,cc,,쥬베룩,,
바디 인모드 FX (10분) + 바디 울쎄라 프라임 300샷 + 수입 바디 보톡스 100U + 바디 조각주사(보톡스 성분 포함) 1부위 + SS주사 100cc (1부위),바디 인모드 FX,device,10.0,분,인모드,,바디,
바디 인모드 FX (10분) + 바디 울쎄라 프라임 300샷 + 수입 바디 보톡스 100U + 바디 조각주사(보톡스 성분 포함) 1부위 + SS주사 100cc (1부위),바디 울쎄라 프라임,device,300.0,샷,울쎄라,,바디,
바디 인모드 FX (10분) + 바디 울쎄라 프라임 300샷 + 수입 바디 보톡스 100U + 바디 조각주사(보톡스 성분 포함) 1부위 + SS주사 100cc (1부위),수입 바디 보톡스,injection,100.0,U,,수입 보톡스,바디,
바디 인모드 FX (10분) + 바디 울쎄라 프라임 300샷 + 수입 바디 보톡스 100U + 바디 조각주사(보톡스 성분 포함) 1부위 + SS주사 100cc (1부위),바디 조각주사,injection,1.0,부위,,보톡스 성분 포함,바디,
바디 인모드 FX (10분) + 바디 울쎄라 프라임 300샷 + 수입 바디 보톡스 100U + 바디 조각주사(보톡스 성분 포함) 1부위 + SS주사 100cc (1부위),SS주사,injection,100.0,cc,,,바디,
바디 인모드 Fx (20분) + 바디 울쎄라 프라임 600샷 + 수입 바디 보톡스 200U + 바디 조각주사(보톡스 성분 포함) 2부위 + SS주사 200cc (2부위) + 슬림컷 300cc (2부위),바디 인모드 Fx,device,20.0,분,인모드,,바디,
바디 인모드 Fx (20분) + 바디 울쎄라 프라임 600샷 + 수입 바디 보톡스 200U + 바디 조각주사(보톡스 성분 포함) 2부위 + SS주사 200cc (2부위) + 슬림컷 300cc (2부위),바디 울쎄라 프라임,device,600.0,샷,울쎄라,,바디,
바디 인모드 Fx (20분) + 바디 울쎄라 프라임 600샷 + 수입 바디 보톡스 200U + 바디 조각주사(보톡스 성분 포함) 2부위 + SS주사 200cc (2부위) + 슬림컷 300cc (2부위),수입 바디 보톡스,injection,200.0,U,,수입 보톡스,바디,
바디 인모드 Fx (20분) + 바디 울쎄라 프라임 600샷 + 수입 바디 보톡스 200U + 바디 조각주사(보톡스 성분 포함) 2부위 + SS주사 200cc (2부위) + 슬림컷 300cc (2부위),바디 조각주사,injection,2.0,부위,,보톡스 성분 포함,바디,
바디 인모드 Fx (20분) + 바디 울쎄라 프라임 600샷 + 수입 바디 보톡스 200U + 바디 조각주사(보톡스 성분 포함) 2부위 + SS주사 200cc (2부위) + 슬림컷 300cc (2부위),SS주사,injection,200.0,cc,,,바디,
바디 인모드 Fx (20분) + 바디 울쎄라 프라임 600샷 + 수입 바디 보톡스 200U + 바디 조각주사(보톡스 성분 포함) 2부위 + SS주사 200cc (2부위) + 슬림컷 300cc (2부위),슬림컷,injection,300.0,cc,,,바디,
국산 프리미엄 특수부위보톡스 턱관절/잇몸노출/측두근,국산 프리미엄 특수부위보톡스,injection,,,,국산 프리미엄 보톡스,"턱관절, 잇몸노출, 측두근",근육 크기 축소
국산 프리미엄 보톡스(영국산 균주 사용) 특수부위 보톡스 턱관절/잇몸노출/측두근,국산 프리미엄 보톡스(영국산 균주 사용) 특수부위 보톡스,injection,,,,영국산 균주 보톡스,"턱관절, 잇몸노출, 측두근",
[톤업 올인원]포텐자 기미모드(팁포함)+트리플토닝+플라필+연어주사2CC+큐페이셜 LDM모드,포텐자 기미모드,laser,,,포텐자,,,"톤업, 기미 개선"
[톤업 올인원]포텐자 기미모드(팁포함)+트리플토닝+플라필+연어주사2CC+큐페이셜 LDM모드,트리플토닝,laser,,,트리플토닝,,,톤업
[톤업 올인원]포텐자 기미모드(팁포함)+트리플토닝+플라필+연어주사2CC+큐페이셜 LDM모드,플라필,skincare,,,플라필,,,톤업
[톤업 올인원]포텐자 기미모드(팁포함)+트리플토닝+플라필+연어주사2CC+큐페이셜 LDM모드,연어주사,injection,2.0,CC,,연어주사,,톤업
[톤업 올인원]포텐자 기미모드(팁포함)+트리플토닝+플라필+연어주사2CC+큐페이셜 LDM모드,큐페이셜 LDM모드,device,,,큐페이셜,,,톤업
[1회 한정가] 슈링크 유니버스 울트라 1000샷,슈링크 유니버스 울트라,device,1000.0,샷,슈링크 유니버스,,,
[1회 체험가] 점제거 1개,점제거,surgical,1.0,개,,,,
국산 스킨보톡스 1부위,국산 스킨보톡스,injection,,,,국산 스킨보톡스,,
국산 침샘보톡스,국산 침샘보톡스,injection,,,,국산 침샘보톡스,,
국산 특수부위 보톡스,국산 특수부위 보톡스,injection,,,,국산 특수부위 보톡스,,
수입 독일산 스킨보톡스 1부위,수입 독일산 스킨보톡스,injection,,,,수입 독일산 스킨보톡스,,턱라인 탄력 개선
수입 독일산 침샘보톡스,수입 독일산 침샘보톡스,injection,,,,수입 독일산 침샘보톡스,,
수입 독일산 특수부위 보톡스,수입 독일산 특수부위 보톡스,injection,,,,수입 독일산 특수부위 보톡스,,
수입 미국산 스킨보톡스 1부위,수입 미국산 스킨보톡스,injection,,,,수입 미국산 스킨보톡스,,
수입 미국산 침샘보톡스,수입 미국산 침샘보톡스,injection,,,,수입 미국산 침샘보톡스,,
수입 미국산 특수부위 보톡스,수입 미국산 특수부위 보톡스,injection,,,,수입 미국산 특수부위 보톡스,,
피코토닝 1회 (팩 미포함),피코토닝,laser,1.0,회,피코토닝,,,색소 개선
포텐자 기미모드(팁포함)+트리플토닝+플라필+연어주사2CC+큐페이셜 LDM모드,포텐자 기미모드,laser,,,포텐자,,,"기미 개선, 톤업"
포텐자 기미모드(팁포함)+트리플토닝+플라필+연어주사2CC+큐페이셜 LDM모드,트리플토닝,laser,,,트리플토닝,,,
포텐자 기미모드(팁포함)+트리플토닝+플라필+연어주사2CC+큐페이셜 LDM모드,플라필,laser,,,플라필,,,
포텐자 기미모드(팁포함)+트리플토닝+플라필+연어주사2CC+큐페이셜 LDM모드,연어주사,injection,2.0,CC,,연어주사,,
포텐자 기미모드(팁포함)+트리플토닝+플라필+연어주사2CC+큐페이셜 LDM모드,큐페이셜 LDM모드,device,,,"큐페이셜, LDM",,,
이마 거상 실리프팅 8줄,이마 거상 실리프팅,surgical,8.0,줄,실리프팅,,이마,거상
화/수/목 골든티켓 5만원,골든티켓,skincare,,,,,,
